time	frequency	count
Sun	0.2222222222222222	2
Mon	0.0	0
Tue	0.2222222222222222	2
Wed	0.3333333333333333	3
Thu	0.0	0
Fri	0.2222222222222222	2
Sat	0.0	0
