time	frequency	count
Sun	0.0	0
Mon	0.0	0
Tue	0.0	0
Wed	0.0	0
Thu	0.3333333333333333	1
Fri	0.6666666666666666	2
Sat	0.0	0
