time	frequency	count
Sun	0.0	0
Mon	0.3333333333333333	1
Tue	0.0	0
Wed	0.0	0
Thu	0.3333333333333333	1
Fri	0.3333333333333333	1
Sat	0.0	0
