time	frequency	count
Sun	0.13	104
Mon	0.18	144
Tue	0.15875	127
Wed	0.1775	142
Thu	0.13	104
Fri	0.1025	82
Sat	0.12125	97
